{
  "nodes": {
    "susan-bourgeois": {
      "x": 800,
      "y": 460
    },
    "anne-villa": {
      "x": 800.61328125,
      "y": 361.20703125
    },
    "sandra-granata": {
      "x": 817.9299787470384,
      "y": 274.5037228824436
    },
    "arthur-cooper": {
      "x": 835.0478034676469,
      "y": 185.4879705724913
    },
    "paige-carter": {
      "x": 1078.9326385518193,
      "y": 345.3826851900477
    },
    "rick-ward": {
      "x": 1151.9283030304418,
      "y": 478.61601037076815
    },
    "michael-tepper": {
      "x": 996.3409228479175,
      "y": 571.7227178179173
    },
    "patrick-witty": {
      "x": 858.7030131799885,
      "y": 664.2782147287498
    },
    "dawn-thibodeaux": {
      "x": 743.3618568302526,
      "y": 757.4315852163886
    },
    "nicolaus-james": {
      "x": 525.4952499308117,
      "y": 736.7113846909224
    },
    "paul-helton": {
      "x": 563.9366964873053,
      "y": 618.1789935165435
    },
    "mark-lorando": {
      "x": 514.7424885452658,
      "y": 519.0925364111813
    },
    "robin-porter": {
      "x": 474.76550781253155,
      "y": 395.86155284156894
    },
    "tedra-cheatham": {
      "x": 570.2881389149268,
      "y": 293.17913058149327
    },
    "ileana-ledet": {
      "x": 1082.3787683496435,
      "y": 761.432823664733
    },
    "shawn-welcome": {
      "x": 1177.8527151180278,
      "y": 180.98408541238473
    },
    "liz-mccain": {
      "x": 1304.1174983181836,
      "y": 291.5077747663821
    },
    "frank-favaloro": {
      "x": 1266.188727099143,
      "y": 438.8132309372419
    },
    "dean-baugh": {
      "x": 1267.5125165777656,
      "y": 391.0643708735739
    },
    "brandy-ledet": {
      "x": 1218.0788483466504,
      "y": 607.6474226484311
    },
    "kelly-raney": {
      "x": 1346.7167882590493,
      "y": 511.3425829518069
    },
    "michael-hoolahan": {
      "x": 1124.2808156468927,
      "y": 654.0706558121835
    },
    "andrew-tull": {
      "x": 1079.989144393668,
      "y": 732.8226479866311
    },
    "stacey-duvic": {
      "x": 951.7060905942603,
      "y": 765.9143856013311
    },
    "susan-roberts": {
      "x": 784.2083841486105,
      "y": 844.888453073855
    },
    "glenn-johnson": {
      "x": 421.0094890886524,
      "y": 801.681913109237
    },
    "jamie-nakamoto": {
      "x": 403.1573474957023,
      "y": 670.59975834175
    },
    "emma-wagner": {
      "x": 327.42524442931375,
      "y": 491.1155981683237
    },
    "leticia-johnson": {
      "x": 359.1903653882737,
      "y": 334.42544704488995
    },
    "errol-smith": {
      "x": 490.25775065472936,
      "y": 197.17906715311887
    }
  },
  "rel": {
    "shawn-welcome": {
      "dx": 98.92007656620854,
      "dy": -164.39859977766298
    },
    "liz-mccain": {
      "dx": 225.1848597663643,
      "dy": -53.8749104236656
    },
    "frank-favaloro": {
      "dx": 187.25608854732377,
      "dy": 93.43054574719417
    },
    "dean-baugh": {
      "dx": 115.58421354732377,
      "dy": -87.55163949719423
    },
    "brandy-ledet": {
      "dx": 66.15054531620854,
      "dy": 129.03141227766298
    },
    "kelly-raney": {
      "dx": 144.1764986599062,
      "dy": 15.431695764565006
    },
    "michael-hoolahan": {
      "dx": 127.93989279897517,
      "dy": 82.3479379942662
    },
    "andrew-tull": {
      "dx": 83.64822154575074,
      "dy": 161.09993016871374
    },
    "stacey-duvic": {
      "dx": 93.00307741427184,
      "dy": 101.63617087258126
    },
    "susan-roberts": {
      "dx": 40.84652731835797,
      "dy": 87.45686785746636
    },
    "glenn-johnson": {
      "dx": -104.48576084215932,
      "dy": 64.97052841831464
    },
    "jamie-nakamoto": {
      "dx": -160.779348991603,
      "dy": 52.42076482520645
    },
    "emma-wagner": {
      "dx": -187.31724411595206,
      "dy": -27.976938242857614
    },
    "leticia-johnson": {
      "dx": -115.57514242425788,
      "dy": -61.43610579667899
    },
    "errol-smith": {
      "dx": -80.03038826019741,
      "dy": -96.0000634283744
    },
    "tedra-cheatham": {
      "dx": -229.71186108507322,
      "dy": -166.82086941850673
    },
    "robin-porter": {
      "dx": -325.23449218746845,
      "dy": -64.13844715843106
    },
    "mark-lorando": {
      "dx": -285.2575114547342,
      "dy": 59.0925364111813
    },
    "paul-helton": {
      "dx": -236.0633035126947,
      "dy": 158.17899351654353
    },
    "nicolaus-james": {
      "dx": -274.5047500691883,
      "dy": 276.7113846909224
    },
    "ileana-ledet": {
      "dx": 282.37876834964345,
      "dy": 301.43282366473295
    },
    "anne-villa": {
      "dx": 0.61328125,
      "dy": -98.79296875
    },
    "sandra-granata": {
      "dx": 17.929978747038376,
      "dy": -185.49627711755642
    },
    "arthur-cooper": {
      "dx": 35.04780346764687,
      "dy": -274.5120294275087
    },
    "paige-carter": {
      "dx": 278.9326385518193,
      "dy": -114.61731480995229
    },
    "rick-ward": {
      "dx": 351.92830303044184,
      "dy": 18.61601037076815
    },
    "michael-tepper": {
      "dx": 196.34092284791745,
      "dy": 111.72271781791733
    },
    "dawn-thibodeaux": {
      "dx": -56.63814316974742,
      "dy": 297.4315852163886
    },
    "patrick-witty": {
      "dx": 58.70301317998849,
      "dy": 204.27821472874984
    }
  }
}