{
  "starburst": {
    "nodes": {
      "susan-bourgeois": {
        "x": 800,
        "y": 460
      },
      "anne-villa": {
        "x": 800,
        "y": 230
      },
      "sandra-granata": {
        "x": 899.7932599970384,
        "y": 252.77716038244358
      },
      "arthur-cooper": {
        "x": 1243.1688972176469,
        "y": 200.6090643224913
      },
      "paige-carter": {
        "x": 1024.2334198018193,
        "y": 408.8201851900477
      },
      "rick-ward": {
        "x": 1340.2724823018193,
        "y": 661.3477835599523
      },
      "michael-tepper": {
        "x": 979.8212409676469,
        "y": 603.4026544275087
      },
      "patrick-witty": {
        "x": 1029.1174787470384,
        "y": 819.4923708675565
      },
      "dawn-thibodeaux": {
        "x": 800,
        "y": 690
      },
      "nicolaus-james": {
        "x": 700.2067400029616,
        "y": 667.2228396175565
      },
      "paul-helton": {
        "x": 543.3389152823531,
        "y": 729.9573419275088
      },
      "mark-lorando": {
        "x": 575.7665801981806,
        "y": 511.17981480995235
      },
      "robin-porter": {
        "x": 338.9657989481806,
        "y": 617.9100289400477
      },
      "tedra-cheatham": {
        "x": 620.1787590323531,
        "y": 316.59734557249135
      },
      "ileana-ledet": {
        "x": 392.0270525029616,
        "y": 272.76153538244364
      },
      "shawn-welcome": {
        "x": 1090.3839651180278,
        "y": 279.78877291238473
      },
      "liz-mccain": {
        "x": 1165.5979670681836,
        "y": 376.5546497663821
      },
      "frank-favaloro": {
        "x": 1139.817633349143,
        "y": 496.3718246872419
      },
      "dean-baugh": {
        "x": 1455.856695849143,
        "y": 573.796144062758
      },
      "brandy-ledet": {
        "x": 1406.4230276180278,
        "y": 790.3791958376153
      },
      "kelly-raney": {
        "x": 1283.9941320090493,
        "y": 511.8035204518069
      },
      "michael-hoolahan": {
        "x": 1121.9462517056857,
        "y": 574.671463663596
      },
      "andrew-tull": {
        "x": 983.4361912696675,
        "y": 748.3575858176271
      },
      "stacey-duvic": {
        "x": 1092.0306209190844,
        "y": 950.1328567134073
      },
      "susan-roberts": {
        "x": 800,
        "y": 835
      },
      "glenn-johnson": {
        "x": 637.2935978309157,
        "y": 797.8633254634073
      },
      "jamie-nakamoto": {
        "x": 429.9733503244888,
        "y": 820.3633631970251
      },
      "emma-wagner": {
        "x": 434.40203293181617,
        "y": 543.445350233618
      },
      "leticia-johnson": {
        "x": 197.60125168181617,
        "y": 585.6444935163821
      },
      "errol-smith": {
        "x": 506.81319407448876,
        "y": 226.19132430297503
      }
    },
    "rel": {
      "shawn-welcome": {
        "dx": 66.15054531620854,
        "dy": -129.03141227766298
      },
      "liz-mccain": {
        "dx": 141.3645472663643,
        "dy": -32.2655354236656
      },
      "frank-favaloro": {
        "dx": 115.58421354732377,
        "dy": 87.55163949719417
      },
      "dean-baugh": {
        "dx": 115.58421354732377,
        "dy": -87.55163949719423
      },
      "brandy-ledet": {
        "dx": 66.15054531620854,
        "dy": 129.03141227766298
      },
      "kelly-raney": {
        "dx": 144.1764986599062,
        "dy": 15.431695764565006
      },
      "michael-hoolahan": {
        "dx": 142.12501073803878,
        "dy": -28.73119076391265
      },
      "andrew-tull": {
        "dx": 3.6149503020205884,
        "dy": 144.95493139011842
      },
      "stacey-duvic": {
        "dx": 62.91314217204592,
        "dy": 130.64048584585078
      },
      "susan-roberts": {
        "dx": 0,
        "dy": 145
      },
      "glenn-johnson": {
        "dx": -62.91314217204592,
        "dy": 130.64048584585078
      },
      "jamie-nakamoto": {
        "dx": -113.36556495786431,
        "dy": 90.40602126951637
      },
      "emma-wagner": {
        "dx": -141.3645472663644,
        "dy": 32.26553542366565
      },
      "leticia-johnson": {
        "dx": -141.3645472663644,
        "dy": -32.2655354236656
      },
      "errol-smith": {
        "dx": -113.36556495786436,
        "dy": -90.40602126951632
      },
      "ileana-ledet": {
        "dx": -407.9729474970384,
        "dy": -187.23846461755636
      },
      "robin-porter": {
        "dx": -461.0342010518194,
        "dy": 157.9100289400477
      },
      "paul-helton": {
        "dx": -256.6610847176469,
        "dy": 269.95734192750876
      },
      "rick-ward": {
        "dx": 540.2724823018193,
        "dy": 201.3477835599523
      },
      "patrick-witty": {
        "dx": 229.11747874703838,
        "dy": 359.4923708675565
      },
      "arthur-cooper": {
        "dx": 443.1688972176469,
        "dy": -259.3909356775087
      }
    }
  },
  "traditional": {
    "nodes": {
      "susan-bourgeois": {
        "x": 800,
        "y": 460
      },
      "anne-villa": {
        "x": -370,
        "y": 600
      },
      "sandra-granata": {
        "x": -190,
        "y": 600
      },
      "arthur-cooper": {
        "x": -10,
        "y": 600
      },
      "paige-carter": {
        "x": 170,
        "y": 600
      },
      "rick-ward": {
        "x": 350,
        "y": 600
      },
      "michael-tepper": {
        "x": 530,
        "y": 600
      },
      "patrick-witty": {
        "x": 766,
        "y": 978.765625
      },
      "dawn-thibodeaux": {
        "x": 890,
        "y": 600
      },
      "nicolaus-james": {
        "x": 1070,
        "y": 600
      },
      "paul-helton": {
        "x": 1250,
        "y": 600
      },
      "mark-lorando": {
        "x": 1430,
        "y": 600
      },
      "robin-porter": {
        "x": 1610,
        "y": 600
      },
      "tedra-cheatham": {
        "x": 1790,
        "y": 600
      },
      "ileana-ledet": {
        "x": 1970,
        "y": 600
      },
      "shawn-welcome": {
        "x": -370,
        "y": 740
      },
      "liz-mccain": {
        "x": -190,
        "y": 740
      },
      "frank-favaloro": {
        "x": -10,
        "y": 740
      },
      "dean-baugh": {
        "x": 170,
        "y": 740
      },
      "brandy-ledet": {
        "x": 350,
        "y": 740
      },
      "michael-hoolahan": {
        "x": 530,
        "y": 740
      },
      "andrew-tull": {
        "x": 710,
        "y": 740
      },
      "stacey-duvic": {
        "x": 890,
        "y": 740
      },
      "susan-roberts": {
        "x": 1070,
        "y": 740
      },
      "glenn-johnson": {
        "x": 1250,
        "y": 740
      },
      "jamie-nakamoto": {
        "x": 1430,
        "y": 740
      },
      "emma-wagner": {
        "x": 1610,
        "y": 740
      },
      "leticia-johnson": {
        "x": 1790,
        "y": 740
      },
      "errol-smith": {
        "x": 1970,
        "y": 740
      },
      "kelly-raney": {
        "x": 800,
        "y": 880
      }
    },
    "rel": {
      "patrick-witty": {
        "dx": -34,
        "dy": 518.765625
      }
    }
  }
}