{
  "nodes": {
    "susan-bourgeois": {
      "x": 800,
      "y": 460
    },
    "anne-villa": {
      "x": 801.1232432598105,
      "y": 575.1262368794137
    },
    "sandra-granata": {
      "x": 593.6707821999704,
      "y": 575.3595010008637
    },
    "arthur-cooper": {
      "x": 969.591112650702,
      "y": 579.459543637515
    },
    "paige-carter": {
      "x": 402.5147400943581,
      "y": 730.3179892505885
    },
    "rick-ward": {
      "x": 672.9183979406035,
      "y": 739.53907807276
    },
    "michael-tepper": {
      "x": 408.1623928664945,
      "y": 873.9316749250089
    },
    "patrick-witty": {
      "x": 604.5015842399797,
      "y": 867.1601665950038
    },
    "dawn-thibodeaux": {
      "x": 185.65437204029482,
      "y": 870.9722348841186
    },
    "nicolaus-james": {
      "x": 1006.4044315814714,
      "y": 871.5166463552923
    },
    "paul-helton": {
      "x": 1237.2720832958296,
      "y": 872.7628070191289
    },
    "mark-lorando": {
      "x": 1478.02715143415,
      "y": 876.7922178545218
    },
    "robin-porter": {
      "x": 810.4864774087181,
      "y": 867.3407833932623
    },
    "tedra-cheatham": {
      "x": 941.6427710565024,
      "y": 746.3091507301195
    },
    "ileana-ledet": {
      "x": 1186.4260791033653,
      "y": 749.3783595877363
    },
    "shawn-welcome": {
      "x": 478.8130079576942,
      "y": 824.1874088323397
    },
    "liz-mccain": {
      "x": 265.6447367150683,
      "y": 818.319981767262
    },
    "frank-favaloro": {
      "x": 405.072984298419,
      "y": 892.6502286176224
    },
    "dean-baugh": {
      "x": 603.7094135656035,
      "y": 884.89064057276
    },
    "brandy-ledet": {
      "x": 743.4945698156035,
      "y": 887.61524994776
    },
    "michael-hoolahan": {
      "x": 476.05860804783566,
      "y": 1022.267198122339
    },
    "andrew-tull": {
      "x": 346.3973886999394,
      "y": 1019.687139394888
    },
    "stacey-duvic": {
      "x": 608.4784035898472,
      "y": 976.3041939272487
    },
    "susan-roberts": {
      "x": 193.0078125,
      "y": 1028.876953125
    },
    "glenn-johnson": {
      "x": 1011.1355627411097,
      "y": 979.7220371212782
    },
    "jamie-nakamoto": {
      "x": 1243.6953108932325,
      "y": 973.7468896622811
    },
    "emma-wagner": {
      "x": 1487.4349056049255,
      "y": 981.705959992473
    },
    "leticia-johnson": {
      "x": 816.4733762673543,
      "y": 977.8196242751965
    },
    "errol-smith": {
      "x": 946.7566986259754,
      "y": 880.0458997814133
    },
    "kelly-raney": {
      "x": 800,
      "y": 880
    }
  },
  "rel": {
    "dawn-thibodeaux": {
      "dx": -614.3456279597052,
      "dy": 410.9722348841186
    },
    "patrick-witty": {
      "dx": -195.4984157600203,
      "dy": 407.16016659500383
    },
    "michael-tepper": {
      "dx": -391.8376071335055,
      "dy": 413.9316749250089
    },
    "rick-ward": {
      "dx": -127.08160205939646,
      "dy": 279.53907807276005
    },
    "paige-carter": {
      "dx": -397.4852599056419,
      "dy": 270.31798925058854
    },
    "arthur-cooper": {
      "dx": 169.59111265070203,
      "dy": 119.45954363751503
    },
    "sandra-granata": {
      "dx": -206.3292178000296,
      "dy": 115.3595010008637
    },
    "anne-villa": {
      "dx": 1.1232432598104651,
      "dy": 115.12623687941368
    },
    "nicolaus-james": {
      "dx": 206.40443158147139,
      "dy": 411.5166463552923
    },
    "glenn-johnson": {
      "dx": 4.731131159638267,
      "dy": 108.20539076598584
    },
    "paul-helton": {
      "dx": 437.2720832958296,
      "dy": 412.7628070191289
    },
    "jamie-nakamoto": {
      "dx": 6.423227597402956,
      "dy": 100.98408264315219
    },
    "mark-lorando": {
      "dx": 678.02715143415,
      "dy": 416.7922178545218
    },
    "emma-wagner": {
      "dx": 9.407754170775434,
      "dy": 104.9137421379512
    },
    "robin-porter": {
      "dx": 10.486477408718088,
      "dy": 407.3407833932623
    },
    "leticia-johnson": {
      "dx": 5.986898858636209,
      "dy": 110.47884088193416
    },
    "stacey-duvic": {
      "dx": 3.976819349867469,
      "dy": 109.14402733224483
    },
    "michael-hoolahan": {
      "dx": 67.89621518134118,
      "dy": 148.33552319733008
    },
    "andrew-tull": {
      "dx": -61.76500416655506,
      "dy": 145.75546446987914
    },
    "tedra-cheatham": {
      "dx": 141.6427710565024,
      "dy": 286.30915073011954
    },
    "ileana-ledet": {
      "dx": 386.4260791033653,
      "dy": 289.3783595877363
    },
    "dean-baugh": {
      "dx": -69.208984375,
      "dy": 145.3515625
    },
    "brandy-ledet": {
      "dx": 70.576171875,
      "dy": 148.076171875
    },
    "errol-smith": {
      "dx": 5.113927569473049,
      "dy": 133.7367490512937
    },
    "susan-roberts": {
      "dx": 7.353440459705183,
      "dy": 157.90471824088138
    },
    "shawn-welcome": {
      "dx": 76.2982678633361,
      "dy": 93.86941958175112
    },
    "frank-favaloro": {
      "dx": 2.558244204060884,
      "dy": 162.33223936703382
    },
    "liz-mccain": {
      "dx": -136.8700033792898,
      "dy": 88.00199251667345
    }
  }
}